id,first_name,last_name,email,gender,ip_address
1,عاطف ,النوري ,hlewsie0@marketwatch.com,ذكر ,92.217.253.188
2,Rocky,Wickwarth,rwickwarth1@goodreads.com,Male,144.7.128.84
3,Bettina,Creamer,bcreamer2@deliciousdays.com,Female,243.224.24.222
4,Austine,Plewright,aplewright3@princeton.edu,Female,193.201.185.232
5,Marcela,Benediktsson,mbenediktsson4@elegantthemes.com,Female,48.143.238.51
6,Lucias,Chadbourne,lchadbourne5@amazon.co.uk,Male,36.156.137.228
7,Jerrie,Franzman,jfranzman6@opensource.org,Female,187.246.38.225
8,Cross,Franz,cfranz7@tiny.cc,Male,65.91.190.98
9,Fallon,O'Neill,foneill8@stanford.edu,Female,43.207.167.136
10,Dun,Lebell,dlebell9@rediff.com,Male,171.1.26.104
11,Devlen,Aliman,dalimana@google.co.uk,Male,203.34.192.92
12,Perkin,Rollitt,prollittb@deliciousdays.com,Male,183.198.206.128
13,Steffi,Voff,svoffc@histats.com,Female,65.231.207.25
14,Concettina,Gravells,cgravellsd@alexa.com,Female,36.243.160.243
15,Joyous,Fairnie,jfairniee@opensource.org,Female,68.58.218.204
16,Ivett,Kleinlerer,ikleinlererf@deviantart.com,Female,155.3.138.153
17,Simonette,Kilford,skilfordg@nationalgeographic.com,Female,142.24.112.84
18,Joeann,Sanper,jsanperh@kickstarter.com,Female,14.129.225.227
19,Gay,Wilden,gwildeni@t.co,Female,118.147.215.46
20,Tate,Grosvenor,tgrosvenorj@hao123.com,Male,52.32.8.221
21,Kenn,Semour,ksemourk@plala.or.jp,Male,244.107.88.200
22,Abbey,Ribeiro,aribeirol@google.ca,Female,121.52.225.130
23,Erskine,Seckington,eseckingtonm@over-blog.com,Male,64.52.73.9
24,Imojean,Oats,ioatsn@indiegogo.com,Female,181.95.200.160
25,Roxanne,Roby,rrobyo@huffingtonpost.com,Female,193.197.109.140
26,Brenden,Brentnall,bbrentnallp@google.pl,Male,233.199.112.214
27,Averyl,Rouby,aroubyq@marriott.com,Female,47.177.254.201
28,Ertha,Rabbage,erabbager@answers.com,Female,82.253.115.66
29,Wileen,Tipping,wtippings@bbb.org,Female,0.126.137.17
30,Vikki,Tschierse,vtschierset@epa.gov,Female,244.222.18.198
31,Duffie,Lestrange,dlestrangeu@blog.com,Male,179.220.138.155
32,Lou,Aartsen,laartsenv@gnu.org,Male,115.173.26.113
33,Lavinia,Blenkensop,lblenkensopw@csmonitor.com,Female,67.121.87.192
34,Levey,Eva,levax@upenn.edu,Male,130.221.113.66
35,Mel,Dondon,mdondony@istockphoto.com,Female,13.157.95.60
36,Bill,Struis,bstruisz@technorati.com,Male,90.63.174.44
37,Read,Marishenko,rmarishenko10@jimdo.com,Male,67.83.247.225
38,Fanchon,Lavery,flavery11@google.com.br,Female,171.211.112.251
39,Egbert,Dodsley,edodsley12@instagram.com,Male,129.128.80.94
40,Darwin,Wallbrook,dwallbrook13@hp.com,Male,147.205.33.16
41,Gianni,Lowless,glowless14@facebook.com,Male,77.220.108.23
42,Luci,Pankettman,lpankettman15@studiopress.com,Female,218.0.213.168
43,Winfred,Morling,wmorling16@sciencedirect.com,Male,118.75.68.143
44,Salomone,Geere,sgeere17@intel.com,Male,195.124.254.134
45,Forrester,Brenton,fbrenton18@economist.com,Male,119.249.214.48
46,Ava,Warry,awarry19@hhs.gov,Female,47.23.58.136
47,Kimberley,Lyford,klyford1a@artisteer.com,Female,176.217.194.46
48,Artemas,Letch,aletch1b@columbia.edu,Male,91.169.196.30
49,Golda,Shalliker,gshalliker1c@accuweather.com,Female,106.8.93.51
50,Fae,Vinick,fvinick1d@fotki.com,Female,129.33.30.146
51,Wilburt,Khoter,wkhoter1e@istockphoto.com,Male,136.186.173.79
52,Hollis,Balmforth,hbalmforth1f@wikipedia.org,Male,33.102.44.144
53,Martguerita,Wainer,mwainer1g@jalbum.net,Female,54.144.116.101
54,Lynne,Lorrie,llorrie1h@dedecms.com,Female,140.250.82.10
55,Ailyn,Fley,afley1i@illinois.edu,Female,183.217.148.215
56,Alfy,Luty,aluty1j@prlog.org,Male,0.192.102.120
57,Elihu,Comini,ecomini1k@cdbaby.com,Male,179.207.112.218
58,Bertrand,Breache,bbreache1l@answers.com,Male,146.230.224.178
59,Royall,Isoldi,risoldi1m@1und1.de,Male,125.193.84.252
60,Grissel,Piggen,gpiggen1n@ustream.tv,Female,230.129.153.228
61,Bartholomew,Bernardet,bbernardet1o@biglobe.ne.jp,Male,190.199.132.132
62,Vinny,Morigan,vmorigan1p@ucsd.edu,Male,242.82.216.132
63,Pattie,Nurse,pnurse1q@dell.com,Male,52.159.223.131
64,Aldis,Simper,asimper1r@blogtalkradio.com,Male,179.84.118.88
65,Ogdon,Pickover,opickover1s@e-recht24.de,Male,8.104.81.108
66,Rozanne,Garnsey,rgarnsey1t@biblegateway.com,Female,61.226.75.62
67,Marni,Odda,modda1u@alexa.com,Female,68.157.24.145
68,Krishna,Coda,kcoda1v@shareasale.com,Male,39.6.186.124
69,Franny,Blyde,fblyde1w@technorati.com,Female,164.122.59.91
70,Brocky,Draaisma,bdraaisma1x@reference.com,Male,8.247.141.131
71,Simone,Lucock,slucock1y@huffingtonpost.com,Female,170.241.87.70
72,Diana,Tuckwell,dtuckwell1z@virginia.edu,Female,199.21.248.75
73,Nero,Rugge,nrugge20@typepad.com,Male,166.189.82.70
74,Nevin,Marcome,nmarcome21@bloomberg.com,Male,87.88.237.95
75,Randi,Mercer,rmercer22@oaic.gov.au,Male,223.170.77.235
76,Casey,Plaster,cplaster23@netlog.com,Male,20.191.240.59
77,Damiano,McCathy,dmccathy24@kickstarter.com,Male,65.85.41.205
78,Jayme,Tzar,jtzar25@sbwire.com,Female,29.157.167.174
79,Kelsi,Sexstone,ksexstone26@soundcloud.com,Female,218.171.230.95
80,Gawen,Boule,gboule27@google.co.jp,Male,46.187.41.38
81,Caitrin,Sealand,csealand28@epa.gov,Female,96.229.37.130
82,Mariellen,Mancell,mmancell29@marketwatch.com,Female,16.164.72.109
83,Kesley,Seiler,kseiler2a@ocn.ne.jp,Female,59.7.55.212
84,Ninette,Llewelly,nllewelly2b@imageshack.us,Female,203.117.55.74
85,Mandi,Lamblin,mlamblin2c@tmall.com,Female,228.237.24.235
86,Bar,O'Tierney,botierney2d@opera.com,Male,181.201.128.27
87,Iggie,Burgis,iburgis2e@hc360.com,Male,100.234.3.51
88,Gaston,Clues,gclues2f@statcounter.com,Male,53.60.226.194
89,Belvia,Spriddle,bspriddle2g@homestead.com,Female,34.55.116.121
90,Zonda,Harlick,zharlick2h@sitemeter.com,Female,130.90.182.246
91,Esta,Ryrie,eryrie2i@patch.com,Female,38.76.225.243
92,Wit,Pethybridge,wpethybridge2j@google.pl,Male,188.76.181.147
93,Lucienne,Bransom,lbransom2k@seattletimes.com,Female,146.182.65.124
94,Chad,Piser,cpiser2l@weebly.com,Female,185.86.229.184
95,Oralia,Lohden,olohden2m@mapy.cz,Female,95.88.242.255
96,Mehetabel,Sailer,msailer2n@prnewswire.com,Female,99.145.240.118
97,Moll,Gearing,mgearing2o@huffingtonpost.com,Female,143.191.236.7
98,Buckie,O' Kelleher,bokelleher2p@discuz.net,Male,214.239.32.221
99,Stesha,de Juares,sdejuares2q@rambler.ru,Female,16.239.81.91
100,Orv,Aronstein,oaronstein2r@unblog.fr,Male,66.67.88.154